{"ax": -0.09992865618749268, "ay": -0.003521480917739905, "az": -0.060201299263044065, "gx": 0.36257816034090184, "gy": 0.6523528822983219, "gz": 0.3169138391929932, "pitch": -0.006366221639620869, "roll": -0.2075005722745355, "BAR": 0.0, "totacc": -0.009836918731542707, "intercept": -26.908319235692023}