feature,coefficient
ax,1.5362334998524547
ay,0.26635540013764375
az,1.5779419976296376
gx,-0.015007654563700885
gy,0.03311375728451934
gz,-0.08028509154725023
pitch,-0.10662354989155365
roll,-0.00172951975705247
BAR,-0.3483947386388012
totacc,-1.9147366698899493
intercept,-2.08185481
