feature,coefficient
ax,0.04869802468052635
ay,0.07629889863435525
az,-0.0230986055793312
gx,-0.008366496699681583
gy,0.016038246642769746
gz,-0.015459615289212948
pitch,0.05625216763081198
roll,0.011232390437133286
BAR,1.9021571763834144
totacc,-0.2716398554049533
intercept,-0.15695223
