feature,coefficient
ax,-0.15547909422536585
ay,-0.7677767250114029
az,0.9891189059827034
gx,0.020833750247921175
gy,-0.03895639615522867
gz,0.03171187591468352
pitch,-0.060335439190927105
roll,0.01757218846756117
BAR,-0.11841109517152397
totacc,-0.9305081859377519
intercept,0.39065641
